id,id,structure,country,adm1,adm2,struc_type,millennium
CNS4008,379,Cova da Moura,Portugal,Lisboa,Torres Vedras - São Pedro da Cadeira,Natural cave,4th-2nd
SET15004,377,Grutas da Quinta do Anjo 3 - Grutas do Casal do Pardo 3 - Covas da Moura 3,Portugal,Setúbal,Palmela - Quinta do Anjo,Artificial cave,3rd
AND01017,378,Fuente Álamo - Tumba 111,Spain,Almería,Cuevas del Almanzora,Pithos,3rd-2th
CNS3773,376,Praia da Samarra,Portugal,Lisboa,Sintra - São João das Lampas e Terrugem,Tholos,3rd-2th
SET15001,377,Grutas da Quinta do Anjo - Grutas do Casal do Pardo - Covas da Moura,Portugal,Setúbal,Palmela - Quinta do Anjo,Artificial cave,3rd
FRA0007,48,Baume de La Roche,France,Doubs ,Sancey-le-Long,,Undefined
ENG0001,13,Arras A4 - The Queen Barrow,England,Yorkshire - East Riding,Market Weighton,Barrow,1st
ENG0002,13,Arras barrow W57,England,Yorkshire - East Riding,Market Weighton,Barrow,1st
CL02002,14,Arroyal I,Spain,Burgos,Alfoz de Quintanadueñas,Passage grave,4th
CL02011,15,Arroyo de las Vegas,Spain,Burgos,Sargentes de la Lora,Domestic,3rd
ENG0033,34,Barrow Abney Moor,England,Derbyshire,Abney,Barrow,3rd-2nd
ENG0013,35,Barrow Aldbourne G6,England,Wiltshire,Aldbourne,Barrow,3rd-2nd
ENG0015,36,Barrow G 48,England,Wiltshire,Amesbury,Barrow,3rd-2nd
ENG0016,36,Barrow G 54,England,Wiltshire,Amesbury,Barrow,3rd-2nd
ENG0018,37,Barrow G1 - Newton Barrow,England,Wiltshire,South Newton,Barrow,3rd-2nd
ENG0023,41,Barrow G16 - Normanton Group,England,Wiltshire,Salisbury,Barrow,3rd-2nd
ENG0017,42,Barrow G1a - The Manton Barrow,England,Wiltshire,Preshute,Barrow,3rd-2nd
CNS19452,50,Bela Vista,Portugal,Lisboa,Sintra - Sintra,Tholos,3rd
AND08012,75,Caño Ronco I,Spain,Sevilla,Camas,Tholos,3rd
CL07001,76,Casetón de la Era,Spain,Valladolid,Villalba de los Alcores,Domestic,3rd
CNS597-2,285,Perdigões - T2,Portugal,Évora,Reguengos de Monsaraz - Reguengos de Monsaraz,Tholos,3rd
CVL02012,380,Costamar T31002,Spain,Castellón,Cabanes,Pit,2nd
CNS616,92,Comenda da Igreja 1,Portugal,Évora,"Montemor-o-Novo-Nossa Senhora da Vila, Nossa Senhora do Bispo e Silveiras",Dolmen,3rd
FRA0009,53,Berrias,France,Ardèche,Chandolas ,Dolmen,Undefined
FRA0030,381,Villevenard,France,Marne,Villevenard,Hypogeum,3rd
ENG0024,35,Barrow Aldbourne G3,England,Wiltshire,Aldbourne,Barrow,3rd-2nd
ENG0025,36,Barrow G 46,England,Wiltshire,Amesbury,Barrow,3rd-2nd
CAT01034,372,Cova Can Figueres,Spain,Barcelona,Begues,Natural cave,4th-3rd
CL05003,110,Cueva de Casla,Spain,Segovia,Casla,Natural cave,3rd
ENG0003,16,Ashville Trading Estate,England,Gloucestershire,Cheltenham,,3rd-2nd
ENG0037,58,Blackheath Barrow - Blackheath Cross,England,West Yorkshire,Todmorden,Barrow,3rd-2nd
MUR002,59,Blanquizares de Lébor,Spain,Murcia,Totana,Hypogeum,4th-3rd
ENG0038,60,Blawearie cairn - Old Bewick,England,Northumberland,Bewick,Cairn,3rd-2nd
SCO0005,61,Blinmill Farm,Scotland,Aberdeenshire,Auchterless,Barrow,3rd-2nd
ENG0039,63,Boscregan - Carn Creis - Barrow III,England,Cornwall,Saint Just,Barrow,3rd-2nd
SCO0006,66,Burntisland,Scotland,Fife,Burntisland,Barrow,2nd-1st
CNS22983,68,Cabecinho de Capitõa,Portugal,Lisboa,Mafra - Igreja Nova e Cheleiros,Pit,2nd
CNS3201,81,Cavaleiros 1 - Anta da Capela,Portugal,Portalegre,Avis - Benavila e Valongo,Dolmen,3rd
CLM02003,83,Cerro Ortega,Spain,Ciudad Real,Villanueva de la Fuente,Shelter,3rd
CL02010,87,Ciella,Spain,Burgos,Valle de Sedano,Passage grave,4th-3rd
CNS5452,94,Corôa do Frade,Portugal,Évora,Évora - Nossa Senhora da Tourega e Nossa Senhora de Guadalupe,Domestic,3rd
AND04021,112,Cueva de las Ventanas,Spain,Granada,Piñar,Natural cave,2nd
ENG0041,117,Danes Graves - Barrow 5,England,Yorkshire - East Riding,Nafferton ,Barrow,1st
CLM04001,133,Dolmen Portillo de las Cortes,Spain,Guadalajara,Anguita,Dolmen,4th
CL08002,151,El Tesoro,Spain,Zamora,Morales de Rey,Passage grave,4th
CL01003,152,El Tomillar,Spain,Ávila,Bercial de Zapardiel,Pit,3rd
ENG0036,54,Bessingham,England,Norfolk,Bessingham,,2nd-1st
FRA0057,223,La Motte-aux-Magnins,France,Jura,Clairvaux-les-Lacs,,Undefined
GRE0015,212,Koukounara,Greece,Messenia,Pylos,,2nd
ITA0012,275,Olmo di Nogara,Italy,Verona ,Nogara,Necropolis,2nd-1st
CL02003,109,Cubillejo de Lara de los Infantes,Spain,Burgos,Mambrillas de Lara,Passage grave,4th-3rd
CL01002,119,Dehesa de Río Fortes,Spain,Ávila,Mironcillo,Chamber,4th-3rd
AND02021,122,Dolmen de Alberite,Spain,Cádiz,Villamartín,Dolmen,3rd
FRA0021,124,Dolmen de Grailhe,France,Gard,Campestre-et-Luc,Dolmen,Undefined
FRA0022,125,Dolmen de la Drailhe,France,Hérault ,Viols-le-Fort,Dolmen,Undefined
FRA0023,126,Dolmen de la Marque,France,Lozère,Mas-Saint-Chély,Dolmen,Undefined
FRA0024,127,Dolmen de la Pierre Folle,France,Vendée,Thiré,Dolmen,Undefined
AND02001,128,Dolmen de la Rosa,Spain,Cádiz,Villamartín,Dolmen,3rd
FRA0025,129,Dolmen de Puyraveau,France,Deux-Sèvres,Saint-Léger-de-Montbrun,Dolmen,Undefined
FRA0026,130,Dolmen du Devezas,France,Hérault ,Saint-Maurice-de-Navacelles,Dolmen,Undefined
FRA0027,131,Dolmen du Rieutort,France,Ardèche ,Chauzon,Dolmen,Undefined
FRA0028,132,Dolmen II du Bois-bas,France,Hérault,Minerve,Dolmen,Undefined
AND02006,279,Paraje de Montebajo - Tumba 3,Spain,Cádiz,Alcalá de los Gazules,Tholos,4th-3rd
AND02019,123,Dolmen de El Juncal,Spain,Cádiz,Ubrique,Dolmen,4th-3rd
ENG0042,138,Easton Down - Winterslow site,England,Wiltshire,Winterslow ,Barrow,3rd-1st
ENG0043,139,Easton Lane Interchange,England,Hampshire,Easton Lane,Necropolis,3rd-1st
ENG0012,35,Barrow Aldbourne G1,England,Wiltshire,Aldbourne,Barrow,3rd-2nd
CL02012,144,El Hornazo (fondo 103),Spain,Burgos,Burgos,Pit,3rd
PV02002,157,Errekatxuetako Atxa,Spain,Vizcaya - Bizkaia,Zeanuri,Dolmen,Undefined
AND08002,159,Estructura 10.042-10.049 (PP4 Montelirio),Spain,Sevilla,Castilleja de Guzmán,Tholos,3rd
CL08010,145,El Juncal I,Spain,Zamora,Castronuevo de los Arcos,Mound,4th
CNS328,375,Zambujal,Portugal,Lisboa,Torres Vedras - Santa Maria-São Miguel e Matacães,Domestic,3rd
FRA0010,55,Billy,France,Allier,Billy,,Undefined
FRA0001,7,Ambérieu-en-Bugey,France,Ain,Ambérieu-en-Bugey,,Undefined
CAT04006,103,Cova del Garrofet,Spain,Tarragona,Aiguamúrcia,,Undefined
FRA0018,107,Crozon,France,Finisterre,Crozon,,Undefined
AND07005,370,Corominas 1,Spain,Málaga,Estepona,Dolmen,3rd
CNS4704,373,Gruta do Furadouro da Rocha Forte - Lapa da Amoreira,Portugal,Leiria,Óbidos - Olho Marinho,Natural cave,Undefined
CL07002,146,El Miradero,Spain,Valladolid,Villanueva de los Caballeros,Tumba calero,3rd
CL05002,147,El Ollar,Spain,Segovia,Donhierro,Pit,3rd
AND04013,225,La Sabina 49 - Hoya de los Castellones 38,Spain,Granada,Gorafe,Dolmen,Undefined
CL02004,166,Fuentepecina II,Spain,Burgos,Valle de Sedano,Dolmen,5th
ENG0014,36,Barrow G 39,England,Wiltshire,Amesbury,Barrow,3rd-2nd
CNS3024,369,Alto da Feteira,Portugal,Leiria,Pombal - Arroteia,Dolmen,3rd
EXT01021,371,La Pijotilla T3,Spain,Badajoz,Solana de los Barros,Tholos,3rd
FRA0034,174,Grotte au Collier,France,Aude,Lastours,Natural cave,Undefined
FRA0035,175,Grotte Basse de la Vigne Perdue,France,Aude,Narbonne,Natural cave,Undefined
SER0001,134,Donja Bitinja,Serbia,Kosovo,Lebane,,Undefined
CL04011,224,La Pinilla,Spain,Salamanca,Carbajosa de la Sagrada,,Undefined
CL02008,150,El Soto,Spain,Burgos,Salas de los Infantes,,4th-3rd
ENG0045,160,Feltwell Fen,England,Norfolk,Feltwell,,2nd-1st
ITA0008,161,Fiavè,Italy,Trentino,Fiavé ,,Undefined
CAT03022,162,Forat de Conqueta,Spain,Lleida,Les Avellanes i Santa Linya,,Undefined
FRA0032,163,Forêt des Moidons,France,Jura,Chilly-sur-Salins,,Undefined
CAT03012,164,Fossa del Gegant,Spain,Lleida,Naves,,Undefined
ITA0009,165,Frattesina,Italy,Rovigo,Fratta Polesine,,Undefined
CL02013,166,Fuentepecina IV,Spain,Burgos,Valle de Sedano,,4th-3rd
HUN0007,167,Füzesabony,Hungary,Heves ,Füzesabony,,3rd-1st
ENG0046,168,Glastonbury Lake Village,England,Somerset,Glastonbury,,1st
CL02005,216,La Brújula,Spain,Burgos,Fresno de Rodilla,Mound,4th-2nd
CL02006,217,La Cabaña,Spain,Burgos,Sargentes de la Lora,Passage grave,4th-3rd
CL08003,219,La Casa de los Moros,Spain,Zamora,Arrabalde,Passage grave,4th
CL04003,221,La Ermita - Dolmen de Galisancho,Spain,Salamanca,Galisancho,Passage grave,4th-3rd
CL06004,222,La Mina de Alcubilla,Spain,Soria,Alcubilla de las Peñas,Megalith,4th
CNS13117,189,Gruta do Correio-Mor,Portugal,Lisboa,Loures-Loures,Natural cave,3rd
GRE0013,201,Kalkani,Greece,Argolis ,Mykines,Necropolis,3rd-1st
ENG0051,202,Kellythorpe,England,Yorkshire - East Riding,Kirkburn,Barrow,3rd-2nd
FRA0053,205,Kerstrobel,France,Finistere,Crozon,Barrow,Undefined
ENG0053,206,Kilham long barrow,England,Yorkshire - East Riding,Kilham,Barrow,Undefined
GAL04001,86,Chousa Nova,Spain,Pontevedra,Silleda (Campomarzo),Mound,Undefined
ENG0050,194,Hengistbury Head,England,Dorset,Bournemouth,Barrow,3rd-1st
CL06002,226,La Sima II,Spain,Soria,Miño de Medinaceli,Tholos,4th
CL03001,229,La Velilla,Spain,Palencia,Osorno la Mayor,Chamber,5th-3rd
CLM05001,230,La Veredilla,Spain,Toledo,Illescas,Pit,3rd
PV03003,233,Larrarte,Spain,Guipúzcoa - Gipuzkoa,Beasain,Dolmen,Undefined
ENG0054,231,"Lake group Barrow G47, 49 or 50",England,Wiltshire,Larkhill,Barrow,3rd-1st
FRA0046,185,Grotte du Gazel 2,France,Hérault ,Cesseras,Natural cave,Undefined
FRA0044,186,Grotte du Hasard - Cimetière,France,Gard ,Tharaux,Natural cave,Undefined
FRA0069,277,Oyes,France,Marne,Oyes,Artificial cave,5th-3rd
CL04004,228,La Veguilla I,Spain,Salamanca,Alba de Tormes,Passage grave,4th-3rd
HUN0010,213,Kurd,Hungary,Tolna,Kurd,,3rd-1st
GRE0016,214,Kydonia,Greece,Chania,Nea Kydonia,,2nd
FRA0056,218,La Canourgue,France,Lozère,La Canourgue,,Undefined
FRA0051,199,Ivory,France,Jura ,Ivory,,Undefined
GRE0012,200,Kalbaki,Greece,Ioannina,Kalpaki,,1st
FRA0052,204,Kernonen-en-Plouvorn,France,Finistere,Plouvorn,,Undefined
CL04006,298,Prado de la Nava,Spain,Salamanca,Salvatierra de Tormes,Passage grave,4th-3rd
CL01006,299,Prado de las Cruces,Spain,Ávila,Ávila,Passage grave,3rd
CL02007,268,Nava Alta,Spain,Burgos,Los Altos,Cist,4th
ENG0060,271,Near Wolley barrow,England,Cornwall,Woolley,Barrow,3rd-1st
CNS3894,274,Nora Velha 1 - Barranco da Nora Velha,Portugal,Beja,Ourique - Ourique,Tholos,3rd
CL02001,6,Alto del Reinoso,Spain,Burgos,Monasterio de Rodilla,Chamber,4th
NAV002,118,Debata Realengo,Spain,Navarra,Arruazu,Dolmen,Undefined
AND03015,243,Los Delgados I,Spain,Córdoba,Fuente Obejuna,Dolmen,Undefined
CL01007,244,Los Itueros,Spain,Ávila,Santa María de los Arroyos,Domestic,4th-3rd
CAN002,245,Los Lagos IV,Spain,Cantabria,Hermandad de Campoo de Suso,Dolmen,Undefined
CL08005,246,Los Lastros,Spain,Zamora,Morales de Toro,Mound,4th
AND01011,247,Los Millares 74,Spain,Almería,Santa Fe de Mondújar,Tholos,2nd
AND01010,247,Los Millares III - 63,Spain,Almería,Santa Fe de Mondújar,Dolmen,2nd
AND01003,247,Los Millares IV - 8,Spain,Almería,Santa Fe de Mondújar,Dolmen,2nd
AND01002,247,Los Millares VII - 7,Spain,Almería,Santa Fe de Mondújar,Tholos,2nd
CL08006,248,Los Paradores,Spain,Zamora,Castrogonzalo,Workshop,3rd
ENG0061,278,Palisade Barrow cementery,England,Cambridgeshire,Perry,Barrow,3rd-2nd
CL01005,280,Peña del Águila,Spain,Ávila,Muñogalindo,Domestic,3rd
CL08007,282,Peñas Quiruelas,Spain,Zamora,Quiruelas de Vidriales,Workshop,3rd
CL08008,283,Peñas Villardondiego,Spain,Zamora,Villardondiego,Domestic,3rd
ENG0062,288,Pin Farm barrow,England,Suffolk,Kentford,Barrow,3rd-1st
CL02009,234,Las Arnillas,Spain,Burgos,Valle de Sedano,,Undefined
ITA0020,264,Monte San Paolillo,Italy,Sicily,Catania,,Undefined
CNS1260,300,Pragança,Portugal,Lisboa,Cadaval-Lamas e Cercal,Domestic,2nd
SER0004,301,Precevo-Boka,Serbia,Kosovo,Klina,Necropolis,Undefined
CNS3237,304,Quinta do Marcelo,Portugal,Setúbal,Almada - Almada-Cova da Piedade-Pragal e Cacilhas,Domestic,2nd
WAL0005,302,Promontory Henllan,Wales,Ceredigion,Henllan,,1st
CAT03014,321,Sepulcro de Can Rajolí,Spain,Lleida,Olius,Cist,4th
CNS4016,315,São Paulo 2,Portugal,Setúbal,Almada - Almada Cova da Piedade Pragal e Cacilhas,Tholos,3rd
ENG0070,317,Scratchbury Barrow G1,England,Wiltshire,Norton Bavant,Barrow,3rd-1st
CL08001,148,El Pedroso,Spain,Zamora,Trabazos,Domestic,3rd
MUR001,215,La Almoloya T-38,Spain,Murcia,Pliego,Pithos,2nd
AND04010,241,Llano de la Teja 18,Spain,Granada,Fonelas,Dolmen,Undefined
CL08004,242,Los Arenales,Spain,Zamora,Quiruelas de Vidriales,Domestic,3rd
AND01004,247,Los Millares XXXVII - 12,Spain,Almería,Santa Fe de Mondújar,Tholos,2nd
CL07003,249,Los Zumacales,Spain,Valladolid,Simancas,Passage grave,5th-4th
CNS7378,252,Mámoa V de Chã de Arcas,Portugal,Porto,Baião - Gestaçô,Dolmen,3rd
GRE0031,343,Tholos Kakovatos B,Greece,Elis,Kakovatos,Tholos,Undefined
GRE0032,343,Tholos Kakovatos C,Greece,Elis,Kakovatos,Tholos,Undefined
AND03002,113,Cueva de los Cuarenta,Spain,Córdoba,Priego de Córdoba,Natural cave,Undefined
CVL01007,99,Cova de la Pastora,Spain,Alicante - Alacant,Alcoy,Natural cave,3rd
CAT01024,104,Cova del Gegant,Spain,Barcelona,Sitges,Natural cave,2nd
CLV01002,105,Cova del Llidoner,Spain,Alacant,Cocentaina,Natural cave,3rd
ITA0010,173,Grotta Manaccora,Italy,Foggia,Peschici,Natural cave,Undefined
ENG0076,344,Thor Fissure Cave,England,Derbyshire,,Natural cave,3rd-2nd
SCO0015,318,Sculptor's Cave,Scotland,Moray,Elgin,Natural cave,2nd-1st
GRE0022,303,Prosymna,Greece,Argolis,Prosymna,,2nd
FRA0014,21,Baigneurs - Charavines,France,Isère ,Charavines,,Undefined
ENG0066,305,Radwell Ring-ditch II,England,Hertfordshire,Radwell,,2nd
ITA0011,236,Ledro,Italy,Trentino,Ledro,,Undefined
GRE0001,8,Analipsi,Greece,Heraklion,Hernossinos,,2nd
CAN001,245,Los Lagos I,Spain,Cantabria,Hermandad de Campoo de Suso,Dolmen,Undefined
FRA0077,327,Serre de Bouisset,France,Hérault,Ferrières-les-Verreries,Necropolis,Undefined
AND08024,342,Tholos de Palacio III,Spain,Sevilla,Almadén de la Plata,Tholos,Undefined
CAT03006,324,Sepulcro del Collet,Spain,Lleida,Riner,,Undefined
CAT01036,325,Sepulcro I de El Bosc,Spain,Barcelona,L´Espunyola,,Undefined
CVL01045,69,Cabezo Redondo,Spain,Alacant,Villena,,Undefined
FRA0012,72,Canourge,France,Lozère ,Canourge,,Undefined
CNS62,11,Anta Grande do Zambujeiro,Portugal,Évora,Évora - Nossa Senhora da Tourega e Nossa Senhora de Guadalupe,Dolmen,3rd
ENG0032,46,Barrow III,England,Gloucestershire,Bourton-on-the-Water,Barrow,3rd-2nd
WAL0001,49,Bedd Branwen,Wales,Gwynedd,Holyhead,Barrow,3rd-2nd
CNS3012,9,Anta do Pinheiro dos Abraços - Bobadela,Portugal,Coimbra,Oliveira do Hospital - Bobadela,,Undefined
FRA0002,12,Argelliers,France,Aude,Argelliers,,Undefined
AND02002,71,Campo de Hockey,Spain,Cádiz,San Fernando,Pit,4th
GRE0027,343,Tholos Kakovatos A,Greece,Elis,Kakovatos,Tholos,Undefined
FRA0036,176,Grotte de la Madeleine,France,Hérault ,Villeneuve-les-Maguelonne,Natural cave,Undefined
FRA0047,177,Grotte de la Roche,France,Doubs ,Courchapon,Natural cave,Undefined
FRA0037,178,Grotte de La Trone,France,Gard,Sainte-Anastasie,Natural cave,Undefined
FRA0038,179,Grotte de Lombrives,France,Ariège,Ussat,Natural cave,Undefined
FRA0039,180,Grotte de Nizas,France,Hérault ,Nizas ,Natural cave,Undefined
FRA0040,181,Grotte de Sigottier,France,Ille-et-Vilaine,Louvigné-du-Désert,Natural cave,Undefined
FRA0041,182,Grotte des Duffaits,France,Seine-et-Marne,La Rochette,Natural cave,Undefined
FRA0042,183,Grotte des Fées,France,Allier,Châtelperron,Natural cave,Undefined
FRA0043,184,Grotte du Cimetière,France,Bouches-du-Rhône,Châteaurenard,Natural cave,Undefined
FRA0045,187,Grotte Murée,France,Alpes-de-Haute-Provence,Montagnac-Montpezat,Natural cave,Undefined
FRA0048,188,Gruta des Cloches,France,Ardèche,Saint-Martin-d'Ardèche,Natural cave,Undefined
ENG0052,203,Kent's Cavern,England,Devon,Torquay ,Natural cave,3rd-1st
FRA0049,190,Gruta Monier,France,Var,Ollioules,Natural cave,Undefined
ENG0049,193,Heathery Burn Cave,England,Northumberland,Hexhamshire,Natural cave,2nd-1st
AND08001,374,La Molina CE17,Spain,Sevilla,Lora de Estepa,Artificial cave,3rd
GRE0002,17,Asine,Greece,Argolis,Asini,,2nd
GRE0003,18,Athens Agora,Greece,Central Athens,Athens,,2nd
FRA0003,19,Aubais,France,Gard,Aubais,,Undefined
FRA0008,51,Bélesta,France,Ariège,Bélesta,,Undefined
ITA0001,52,Beneceto,Italy,Parma,Parma,,Undefined
ENG0040,74,Cantera,England,Gloucestershire,Cowley,,Undefined
CNS2762,77,Castelo Velho do Caratão,Portugal,Santarém,Mação - Mação-Penhascoso e Aboboreira,,Undefined
FRA0016,91,Collias,France,Gard ,Collias,,Undefined
HUN0014,306,Regöly - Kesziállás,Hungary,Tolna ,Regöly ,,2nd-1st
ENG0004,25,Bampfylde Hill,England,Devon,South Molton,Barrow,3rd-2nd
ENG0034,30,Barrow - Mount Caburn,England,East Sussex,Glynde ,Barrow,3rd-2nd
ENG0035,31,Barrow - Site n4,England,Oxfordshire,Ashbury,Barrow,3rd-2nd
ENG0008,32,Barrow 1 - Hill Field,England,Norfolk ,Warham ,Barrow,3rd-2nd
ENG0009,33,Barrow 25 - Rollestone Field Group,England,Wiltshire,Winterbourne Stoke,Barrow,3rd-2nd
FRA0020,382,Charavines,France,Isère,Charavines,,3rd
FRA0061,383,Annecy,France,Haute-Savoie,Annecy,,3rd
FRA0067,384,Epone,France,Yvelines,Epone,,3rd
FRA0070,385,Flavacourt,France,Oise,Flavacourt,,3rd
ITA0002,56,Bismantova,Italy,Reggio Emilia,Castelnovo ne' Monti,,Undefined
SCO0004,57,Bizzieberry Hill,Scotland,Lanarkshire,Biggar,,Undefined
HUN0004,62,Bölcske,Hungary,Tolna ,Bölcske ,,3rd-2nd
WAL0002,64,Breiddin hillfort,Wales,Powys,Bausley with Criggion,,2nd-1st
FRA0011,65,Brunbachmatt,France,Bas-Rhin,Urmatt ,,Undefined
CAT03008,67,Cabana del Moro de Colomera,Spain,Lleida,Cabó,,Undefined
CLM02002,78,Castillejo del Bonete,Spain,Ciudad Real,Terrinches,,3rd
CNS3442,79,Castro de Nossa Senhora da Guia,Portugal,Viseu,São Pedro do Sul - São Pedro do Sul-Várzea e Baiões,,Undefined
ITA0016,80,Cava Cana Barbara,Italy,Sicily,Augusta,,Undefined
FRA0013,82,Cazevieille,France,Hérault ,Cazevieille,,Undefined
GRE0004,84,Chalandritsa,Greece,Achaea,Erymanthos,,2nd
FRA0015,85,Choisy-au-Bac,France,Oise ,Choisy-au-Bac,,Undefined
ITA0004,88,Cisternino,Italy,Brindisi,Cisternino,,Undefined
GRE0005,95,Cos - Eleona,Greece,Cos,Cos,,2nd
SCO0007,114,Culbin Sands,Scotland,Moray,Dyke And Moy,,Undefined
SCO0008,115,Cullen of Buchan,Scotland,Aberdeenshire,Gamrie,,Undefined
FRA0019,116,Dachshubel,France,Bas-Rhin,Haguenau,,Undefined
GRE0006,95,Cos - Langada,Greece,Cos,Cos,,Undefined
CL04001,96,Coto Alto,Spain,Salamanca,La Tala,,4th-3rd
FRA0017,97,Coulounieix - Chamiers,France,Dordogne ,Coulounieix-Chamiers,,Undefined
CAT01035,98,Cova de Can Mauri,Spain,Barcelona,Berga,,Undefined
CAT01037,100,Cova de la Roca del Frare,Spain,Barcelona,La Llacuna,,Undefined
CAT01038,101,Cova de Les Pixarelles,Spain,Barcelona,Tavertet,,Undefined
CAT01011,102,Cova del Frare,Spain,Barcelona,Matadepera,,Undefined
CAT03010,106,Cova dels Muricecs de Cellers,Spain,Lleida,Llimiana,,Undefined
HUN0005,108,Csongrád-Felgyo,Hungary,Csongrád-Csanád,Felgy? ,,3rd-1st
GRE0007,120,Delphi,Greece,Phocis,Delphi ,,2nd
GRE0008,121,Dendra,Greece,Argolis ,Midea ,,2nd
FRA0029,135,Donzère,France,Drôme ,Donzère,,Undefined
HUN0006,136,Dunaujváros - Kosziderpadlás,Hungary,Fejér ,Dunaujváros,,3rd-1st
WAL0003,137,Dyfnant Forest,Wales,Powys,Welshpool,,2nd-1st
FRA0031,140,Ecorneboeuf,France,Dordogne ,Coulounieix-Chamiers,,Undefined
CLM02005,141,El Castellón,Spain,Ciudad Real,Villanueva de los Infantes,,3rd
CL04010,142,El Cimajo,Spain,Salamanca,Doñinos de Ledesma,,3rd-2nd
GRE0009,153,Elaphotopos,Greece,Ioannina,Zagori,,2nd
GRE0010,154,Elis,Greece,Elis,Zacharo,,2nd
ENG0044,155,Elm Road - Site 44,England,Essex,Leigh-on-Sea,,1st
CYP0001,156,Enkomi,Cyprus,Famagusta,Enkomi,,2nd
SCO0009,158,Eschoncan Fell,Scotland,Kirkcudbrightshire,Minnigaff,,2nd-1st
FRA0081,386,Mériel,France,Val-d Oise,Mériel,,3rd
ENG0047,169,Glen Avenue,England,Essex,Colchester,,Undefined
SCO0010,170,Glenluce,Scotland,Wigtownshire,Glenluce,,3rd-1st
FRA0033,171,Gours-aux-Lions,France,Seine-et-Marne,Marolles-sur-Seine,,Undefined
SCO0011,172,Greenbrae,Scotland,Aberdeenshire,Cruden,,4th-3rd
CAT03005,319,Sepulcre de Bullons,Spain,Lleida,Riner,,Undefined
ITA0005,89,Civezzano,Italy,Trentino,Civezzano,,Undefined
ITA0006,90,Cles,Italy,Trentino,Cles,,Undefined
ITA0014,250,Maccarrone di Adrano,Italy,Sicily,Adrano,,2nd
GRE0020,284,Perati,Greece,East Attica,Chamolia,,2nd
ITA0007,93,Coppa Nevigata,Italy,Foggia,Manfredonia,,Undefined
CVL01046,337,Tesoro de Villena,Spain,Alacant,Villena,,Undefined
FRA0082,387,Chouilly,France,Marne,Chouilly,,3rd
FRA0054,207,Kirchlach,France,Bas-Rhin,Haguenau,,Undefined
GRE0014,208,Knossos,Greece,Heraklion,Heraklion,,2nd
SCO0012,209,Knowes of Trotty barrow cemetery,Scotland,Orkney Islands,Orkney Islands,,3rd-1st
FRA0055,210,Königsbrück,France,Bas-Rhin,Leutenheim,,Undefined
HUN0009,211,Kötegyán,Hungary,Békés ,Kötegyán,,3rd-1st
FRA0050,191,Haguenau-Dachshübel,France,Bas-Rhin,Haguenau,,Undefined
ENG0048,192,Ham Hill - Site 3,England,Somerset,Stoke-sub-Hamdon,,1st
HUN0008,195,Hernádkak,Hungary,Borsod-Abaúj-Zemplén,Hernádkak ,,3rd-1st
CLM04002,196,Herrerías II,Spain,Guadalajara,Herrería,,Undefined
GRE0011,197,Ialysos,Greece,Rhodes ,Ialysos ,,1st
SER0002,198,Iglarevo,Serbia,Toplica ,Prekoruplje,,Undefined
CL06003,227,La Tarayuela,Spain,Soria,Miño de Medinaceli,,4th
ENG0058,262,Middle Hill - Barrow G5,England,Wiltshire,Warminster ,,Undefined
CNS3179,265,Moreirinha,Portugal,Castelo Branco,Idanha-a-Nova - Monsanto e Idanha-a-Velha,,Undefined
SCO0150,266,Mound on Keiss Moor,Scotland,Caithness,Keiss,,Undefined
SCO0016,269,Near Glentanar House,Scotland,Aberdeenshire,Aboyne,,2nd-1st
ENG0059,270,Near Peacock Farm,England,Somerset,Binfield,,Undefined
FRA0068,272,Nécropole de Chenon,France,Charente,Chenon,,5th-3rd
GRE0019,273,Nichoria,Greece,Messenia,Karpofora,,1st
FRA0059,235,Le Chamblon,France,Lozère ,Gorges du Tarn Causses,,Undefined
FRA0060,237,Les Cents Arpents,France,Seine-et-Marne,Barbey,,Undefined
FRA0062,238,Lingolsheim,France,Bas-Rhin,Lingolsheim,,Undefined
HUN0011,258,Megyaszó,Hungary,Borsod-Abaúj-Zemplén,Megyaszó,,2nd
SCO0014,259,Mellenside,Scotland,Aberdeenshire,Colpy ,,Undefined
HUN0012,260,Mende-Leányvár,Hungary,Komárom-Esztergom,Leányvár,,3rd-1st
FRA0004,20,Aumelas,France,Hérault ,Aumelas,,Undefined
CL04002,143,El Guijo,Spain,Salamanca,La Mata de Ledesma,,4th-3rd
ITA0003,70,Campestrin,Italy,Trieste,Grignano,,3rd-2nd
FRA0065,261,Méréaucourt,France,Somme,Méréaucourt,,Undefined
CVL01003,281,Peña Negra,Spain,Alacant,Crevillent,,Undefined
GRE0021,286,Peristeria,Greece,Messenia,Kyparissia ,,2nd
CL04005,287,Picón del Rey,Spain,Salamanca,Cerralbo,,3rd
ITA0018,289,Plemmirio,Italy,Sicily,Plemmirio,,Undefined
FRA0083,388,Ay Champagne,France,Marne,Ay Champagne,,3rd
CAT03009,320,Sepulcro de Can Cuca,Spain,Lleida,Pinós,,Undefined
CAT03011,323,Sepulcro de Pedra Cabana,Spain,Lleida,Cabó,,Undefined
FRA0071,290,Plobannalec,France,Finistère,Plobannalec-Lesconil,,Undefined
GRE0018,267,Mycenae,Greece,Argolis ,Mykines,,2nd
CNS241,291,Pombais - Anta dos Pombais,Portugal,Portalegre,Marvão - Beirã,,Undefined
FRA0720,292,Pont-de-Roide,France,Doubs,Pont-de-Roide-Vermondans,,Undefined
FRA0075,316,Schelmen - Hofstadt,France,Bas-Rhin,Haguenau ,,Undefined
ITA0017,239,Lipari,Italy,Sicily,Lipari,,Undefined
AND04005,240,Llano de la Sabina 97,Spain,Granada,Gorafe,,Undefined
AND04007,240,Llano de la Sabina 99,Spain,Granada,Gorafe,,Undefined
SCO0013,251,Mains of Concraig,Scotland,Aberdeenshire,Skene,,Undefined
ENG0055,253,MARC3 site R1,England,Hampshire,Winnall Down Copse,,Undefined
ENG0056,253,MARC3 site R7,England,Hampshire,Winnall Down Copse,,Undefined
CNS239,10,Anta dos Penedos de São Miguel,Portugal,Portalegre,Crato - Crato e Mártires-Flor da Rosa e Vale do Peso,,Undefined
HUN0003,47,Battonya,Hungary,Békés ,Battonya,,3rd-2nd
ENG0057,256,Meare Lake Village,England,Somerset,Meare,,1st
HUN0001,22,Baks - Levelény,Hungary,Csongrád-Csanád,Baks,,3rd-2nd
SCO0002,23,Balgay,Scotland,Angus,Dundee,,Undefined
SCO0003,24,Balmashanner,Scotland,Angus,Forfar ,,2nd-1st
HUN0002,26,Barát cave,Hungary,Veszprém,Tihany,,2nd-1st
FRA0005,27,Barbey,France,Seine-et-Marne,Barbey,,Undefined
FRA0006,28,Barbuise - Courtavant,France,Aube,Barbuise,,Undefined
ENG0006,29,Barnett Copse,England,Hampshire,Rowlands Castle,,3rd-2nd
CNS14697,276,Orca de Seixas,Portugal,Viseu,Moimenta da Beira - Pêra Velha-Aldeia de Nacomba e Ariz,,Undefined
FRA0066,263,Montagnac-Montpezat,France,Alpes-de-Haute-Provence,Montagnac-Montpezat,,Undefined
ENG0063,294,Portsdown - Southwick,England,Hampshire,Portchester,,3rd-1st
HUN0013,295,Pötréte,Hungary,Zala,Pötréte,,2nd-1st
ENG0064,296,Potterne,England,Wiltshire,Potterne,,2nd-1st
FRA0072,297,Pougues-les-Eaux,France,Nièvre,Pougues-les-Eaux,,Undefined
ITA0021,293,Portella,Italy,Sicily,Portella,,Undefined
ENG0067,308,River Thames at Runnymede Bridge,England,Berkshire,Egham,,2nd-1st
FRA0073,309,Rocher de Comboire,France,Isère,Claix,,Undefined
ENG0068,310,Rochford,England,Lincolnshire,Stoke Rochford,,3rd-1st
FRA0074,311,Saint-Fiacre-en-Melran,France,Morbihan,Melrand,,Undefined
FRA0080,312,Saint-Rémy-de-Provence,France,Bouches-du-Rhône,Saint-Rémy-de-Provence,,Undefined
ENG0031,40,Barrow G8 - Oakley Down,England,Wiltshire,Wylye,Barrow,3rd-2nd
CL09001,307,Reguero Seco,Spain,León,Cistierna,Domestic,2nd
ENG0069,313,Salisbury Plain,England,Wiltshire,Shrewton,Barrow,3rd-1st
CL08009,314,San Adrián,Spain,Zamora,Granucillo,Chamber,4th-3rd
ENG0022,35,Barrow Aldbourne G14,England,Wiltshire,Aldbourne,Barrow,3rd-2nd
GRE0024,328,Shaft Grave Omicron,Greece,Argolis ,Mykines,Natural cave,1st
FRA0078,329,Sigottier,France,Hautes-Alpes,Sigottier,Natural cave,Undefined
FRA0063,254,Marolles-sur-Seine,France,Seine-et-Marne,Marolles-sur-Seine,,Undefined
FRA0064,255,Mas-Saint-Chély,France,Lozère ,Mas-Saint-Chély,,Undefined
GRE0017,257,Mega Monastirion,Greece,Thessaly,Mega Monastirion,,2nd
CAT03007,322,Sepulcro de la Pera,Spain,Lleida,Pinós,,Undefined
FRA0076,326,Sepulture Lesconil,France,Finistère,Plobannalec-Lesconil,,Undefined
FRA0079,331,Sorel-Moussel,France,Eure-et-Loir,Sorel-Moussel,,Undefined
ENG0074,333,Steep Lowe,England,Staffordshire,Alstonefield,,3rd-2nd
ENG0019,38,Barrow G1 - Upton great Barrow,England,Wiltshire,Upton Lovell,Barrow,3rd-2nd
ENG0020,39,Barrow G12 - Cow Down,England,Wiltshire,Collingbourne Kingston,Barrow,3rd-2nd
ENG0021,40,Barrow G13 - Oakley Down,England,Wiltshire,Wylye,Barrow,3rd-2nd
ENG0026,43,Barrow G5J - Netdown group,England,Wiltshire,Shrewton,Barrow,3rd-2nd
ENG0027,44,Barrow G67 - Winterbourne Stoke Wst Group,England,Wiltshire,Winterbourne Stoke,Barrow,3rd-2nd
ENG0028,45,Barrow G68,England,Wiltshire,Durrington,Barrow,3rd-2nd
ENG0029,41,Barrow G7 - Normanton Group,England,Wiltshire,Salisbury,Barrow,3rd-2nd
ENG0030,41,Barrow G8 - Normanton Group,England,Wiltshire,Salisbury,Barrow,3rd-2nd
CNS597-1,285,Perdigões - T1,Portugal,Évora,Reguengos de Monsaraz - Reguengos de Monsaraz,Tholos,3rd
ENG0071,330,Snail Down - Barrow G5,England,Wiltshire,Collingbourne Ducis,Barrow,3rd-1st
ENG0072,330,Snail Down - Barrow G8,England,Wiltshire,Collingbourne Ducis,Barrow,3rd-1st
ENG0073,332,Stanfordbury burial B,England,Bedfordshire,Stanford ,Barrow,1st
HUN0016,334,Szoreg,Hungary,Csongrád-Csanád,Sz?reg ,,3rd-1st
SCO0160,335,Tap O'Noth hillfort,Scotland,Aberdeenshire,Rhynie ,,Undefined
GRE0025,336,Teikhos Dymaion,Greece,Achaea,Araxos,,2nd
ENG0075,339,The Golden Barrow,England,Wiltshire,Boyton,Barrow,3rd-1st
AND08003,340,Tholos de La Pastora,Spain,Sevilla,Valencina de la Concepción,Tholos,3rd
AND08016,341,Tholos de Montelirio,Spain,Sevilla,Castilleja de Guzmán,Tholos,3rd
CL04008,345,Tierras Lineras,Spain,Salamanca,La Mata de Ledesma,Domestic,3rd
PV03004,348,Trikuaizti I,Spain,Guipúzcoa - Gipuzkoa,Beasain,Dolmen,Undefined
SCO0001,1,Adabrock,Scotland,Na h-Eileanan Siar,Ness (Isle of Lewis),Barrow,Undefined
CNS3512,3,Alcalar 3,Portugal,Faro,Portimao - Mexilhoeira Grande,Tholos,3rd
ITA0019,338,Thapsos,Italy,Sicily,Priolo Gargallo,,Undefined
HUN0017,346,Tiszakeszi - Szódadomb,Hungary,Borsod-Abaúj-Zemplén,Tiszakeszi,,2nd
ENG0077,347,Tor Mead,England,Wiltshire,Great Bedwyn,,3rd-1st
ITA0013,349,Trinitapoli,Italy,Barletta-Andria-Trani,Trinitapoli,,Undefined
TUR0001,2,Alalakh,Turkey,Hatay Province,Varisli,,2nd
FRA0084,350,Túmulo de St Fiacre,France,Morbihan,Melrand,,Undefined
FRA0085,351,Tumulus de Kernonen,France,Finistère,Plouvorn,,Undefined
FRA0086,352,Tumulus de La Fôret,France,Bas-Rhin,Haguenau,,Undefined
FRA0087,353,Tumulus du Ballon,France,Pas-de-Calais,Wimereux,,Undefined
CNS7234,3,Alcalar 4,Portugal,Faro,Portimao - Mexilhoeira Grande,Tholos,3rd
CL04007,4,Aldea del Teriñuelo,Spain,Salamanca,Aldeavieja de Tormes,Passage grave,4th-3rd
CL01001,5,Aldeagordillo,Spain,Ávila,Ávila,Domestic,3rd
SCO0018,354,Tumulus Rosshire,Scotland,Highland,Edderton,Barrow,Undefined
ENG0081,362,Wick Farm - Ring ditch 16,England,Oxfordshire,Charney Bassett,Barrow,3rd-1st
ENG0082,363,Wigberlow barrow,England,Derbyshire,Litton,Barrow,3rd-1st
ENG0083,41,Wilsford Shaft - Normanton Down,England,Wiltshire,Wilsford cum Lake,Barrow,3rd-1st
ENG0084,364,Winterslow barrow JFSS3,England,Wiltshire,West Winterslow,Barrow,3rd-1st
CNS1773,368,Buraca da Moura da Rexaldia (Gruta da Rexaldia),Portugal,Santarém,Torres Novas - Chancelaria,Natural cave,4th-3rd
FRA0058,232,Lann Porz Menech,France,Morbihan,Ploemeur,Cairn,5th-3rd
CLM05002,358,Valle de las Higueras 1,Spain,Toledo,Huecas,Artificial cave,3rd
CLM05003,358,Valle de las Higueras 3,Spain,Toledo,Huecas,Artificial cave,3rd
WAL0006,355,Ty Mawr Farm,Wales,Gwynedd,Brecon,,2nd-1st
ENG0078,356,Ulrome,England,Yorkshire - East Riding,Ulrome ,,1st
CL08013,357,Valdefinjas,Spain,Zamora,Valdefinjas,,Undefined
ITA0015,359,Valsavoia,Italy,Sicily,Lentini,,Undefined
ENG0079,360,Westbury Ironworks,England,Wiltshire,Westbury,,2nd-1st
ENG0080,361,Whitegrounds round barrow,England,North Yorkshire,Burythorpe,,5th-4th
GRE0030,367,Mycenae Aigisthos,Greece,Argolis,Mykines,,2nd
FRA0089,365,Xanton - Chassenon,France,Vendée,Xanton-Chassenon,,Undefined
GRE0029,366,Zakynthos,Greece,Ionian Islands,Zákynthos,,2nd
